{
    "accuracy": 0.8673469387755102,
    "precision": 0.6666666666666666,
    "recall": 0.3404255319148936,
    "f1_score": 0.4507042253521127,
    "roc_auc": 0.6540184339736412
}